Contact_order,Gender,First Name,Last Name
1,Male,Adam,Montgomery
2,Female,Gloria,West
1,Male,Chris,Wagner
2,Female,Barbara,Barnes
3,Female,Robin,Reyes
1,Male,Fred,Murray
2,Female,Joyce,Baker
3,Female,Debra,West
1,Female,Anne,Mills
2,Female,Phyllis,Weaver
3,Female,Bonnie,Williamson
1,Female,Barbara,Jenkins
2,Female,Karen,Thomas
1,Female,Debra,Freeman
2,Male,Dennis,Washington
3,Female,Margaret,Lee
1,Male,Gregory,Ryan
1,Male,Jesse,Freeman
2,Male,Jerry,Webb
1,Male,Louis,Ramos
1,Male,Anthony,Flores
2,Male,Albert,Hall
1,Male,Jason,Porter
2,Female,Donna,Barnes
1,Female,Katherine,Ortiz
2,Male,Andrew,Gardner
1,Female,Brenda,Mason
2,Female,Ruby,Pierce
3,Male,Gregory,Evans
1,Female,Virginia,Owens
1,Female,Kimberly,Hernandez
1,Male,Henry,Mason
2,Male,Kenneth,Watkins
3,Male,Brandon,Reid
1,Female,Wanda,Dixon
2,Female,Christine,Fowler
1,Female,Bonnie,Cox
2,Male,Willie,Anderson
3,Female,Catherine,Fuller
1,Male,Timothy,Turner
2,Female,Teresa,Cruz
1,Female,Elizabeth,Anderson
2,Male,Philip,Garrett
1,Female,Mildred,Gutierrez
2,Male,Jack,Gutierrez
1,Male,Anthony,Richards
2,Male,Donald,Davis
1,Male,William,Webb
2,Male,Billy,Black
1,Female,Lillian,Myers
1,Male,Sean,Mills
1,Male,Larry,Williams
2,Male,George,Ortiz
3,Female,Anne,Garcia
1,Female,Tina,Garcia
2,Female,Ruby,Sims
1,Male,Jerry,Burton
2,Female,Lori,Rose
1,Female,Kathleen,Stone
2,Female,Diana,Cox
1,Male,Jeremy,Harper
2,Male,Anthony,Walker
1,Female,Carol,Young
1,Female,Rose,Williams
2,Male,Aaron,Fowler
1,Male,Donald,Russell
1,Female,Phyllis,Little
1,Male,Jose,Mason
2,Female,Debra,George
3,Female,Melissa,Moore
1,Female,Tina,Jackson
2,Male,Johnny,Robinson
1,Female,Melissa,Thomas
2,Male,Robert,Burke
1,Female,Ashley,Burns
2,Male,Henry,Nichols
3,Female,Stephanie,Spencer
1,Female,Rebecca,Foster
1,Male,Matthew,Reed
1,Male,Roger,Tucker
2,Male,Victor,Snyder
1,Male,Justin,Willis
2,Male,Douglas,Ryan
3,Female,Betty,Johnson
1,Male,Charles,Gibson
1,Male,Randy,Harris
1,Male,Kenneth,Gonzales
2,Male,Harold,Patterson
1,Female,Kathryn,Harvey
1,Male,Ronald,Kim
2,Male,Donald,Tucker
3,Female,Tina,Medina
1,Female,Kimberly,Simpson
1,Male,Louis,Alexander
2,Male,Matthew,West
3,Male,Alan,Carroll
1,Female,Cheryl,Hunt
1,Female,Margaret,Graham
2,Female,Debra,Andrews
1,Male,Stephen,Barnes
1,Male,Phillip,Lawrence
2,Female,Nancy,Moore
3,Male,Dennis,Jenkins
1,Male,Roger,Ryan
1,Male,Eugene,Matthews
2,Male,Bobby,White
1,Female,Marie,Garza
2,Female,Christine,Henry
1,Male,Donald,Harvey
2,Male,Carlos,Foster
1,Female,Jessica,Sullivan
2,Female,Marie,Hayes
3,Male,Carl,Fisher
1,Female,Virginia,Martinez
1,Female,Paula,Patterson
2,Male,George,Schmidt
1,Female,Kelly,Holmes
2,Male,Joshua,Gonzalez
1,Male,Ryan,Riley
1,Male,Craig,Berry
2,Female,Jean,Alexander
1,Male,Gregory,Price
2,Male,Antonio,Porter
1,Male,Chris,Washington
2,Male,Timothy,Crawford
1,Male,Craig,Gordon
2,Female,Carol,Weaver
1,Male,Jimmy,Hanson
2,Male,Jack,Green
3,Male,Larry,Green
1,Male,Nicholas,Richardson
1,Female,Michelle,Richardson
1,Female,Ashley,Sullivan
1,Female,Virginia,Bailey
2,Female,Melissa,Pierce
3,Male,Douglas,Duncan
1,Female,Lori,Wallace
1,Male,Anthony,Wright
2,Female,Norma,Bryant
3,Female,Dorothy,Martin
1,Male,Gerald,Gray
2,Male,William,Clark
3,Male,Richard,Jackson
1,Male,Jesse,Woods
1,Male,Donald,Stephens
2,Female,Diana,Howell
3,Female,Jessica,Stewart
1,Male,Willie,Lawson
2,Female,Anna,Miller
3,Male,Craig,Henry
1,Male,Roger,Scott
1,Male,Joseph,Watkins
2,Male,Gary,Elliott
3,Male,Walter,Jackson
1,Male,Jesse,Lane
2,Female,Julia,Ferguson
1,Female,Angela,Dunn
2,Female,Dorothy,White
3,Female,Paula,Barnes
1,Male,Aaron,Brooks
2,Female,Phyllis,Harvey
3,Female,Theresa,Miller
1,Male,Jason,Fisher
2,Male,Timothy,Ellis
1,Female,Cheryl,Green
2,Male,Harry,Pierce
3,Female,Lori,Henderson
1,Female,Kathryn,Montgomery
2,Male,Steven,Cole
3,Female,Anna,Sullivan
1,Female,Bonnie,Olson
2,Male,Alan,Black
3,Female,Frances,Ward
1,Male,Carlos,Bennett
2,Male,Jonathan,Kelley
3,Female,Kimberly,Richards
1,Female,Cynthia,Sims
2,Female,Patricia,Nelson
1,Female,Teresa,Nelson
1,Female,Tina,Ellis
2,Male,Keith,Alexander
3,Female,Margaret,Tucker
1,Female,Marilyn,Jacobs
2,Male,Lawrence,Ruiz
1,Male,Joseph,Hansen
1,Female,Wanda,Gomez
2,Male,Jonathan,Spencer
1,Female,Rachel,Hart
1,Male,Anthony,Jenkins
1,Female,Irene,Cruz
1,Male,Victor,Anderson
2,Female,Joyce,Coleman
3,Female,Karen,Moore
1,Male,Nicholas,Gordon
1,Male,Robert,Rodriguez
2,Female,Beverly,Banks
1,Male,Philip,Willis
2,Male,Richard,Fernandez
1,Male,Bobby,Reyes
1,Female,Bonnie,Rice
2,Female,Janet,Woods
3,Male,Bobby,Alexander
1,Female,Lisa,Mills
2,Male,Donald,Morgan
3,Male,Brian,Hernandez
1,Male,Roy,Washington
1,Female,Christine,Turner
2,Male,Billy,Howell
3,Male,Jeffrey,Ferguson
1,Male,Kenneth,Schmidt
2,Male,James,Sullivan
1,Female,Kathleen,Boyd
2,Female,Jane,Woods
1,Male,Sean,Jones
1,Female,Joyce,Wagner
2,Female,Theresa,Black
3,Male,Alan,Ray
1,Female,Amy,Frazier
2,Female,Margaret,Dunn
1,Female,Kathryn,Stanley
2,Male,Walter,Peterson
1,Female,Amanda,Miller
1,Female,Robin,Porter
2,Female,Amanda,Grant
3,Female,Cynthia,Ruiz
1,Female,Kathleen,Warren
1,Female,Anne,Fuller
1,Female,Cheryl,Ramirez
2,Male,Anthony,Martin
3,Male,David,Thompson
1,Female,Jacqueline,Rodriguez
2,Female,Rachel,Pierce
1,Female,Anna,Dixon
1,Female,Nicole,Austin
1,Female,Denise,Cruz
2,Female,Ruby,Hunt
3,Female,Kelly,Cook
1,Male,Steven,Powell
2,Female,Carol,Wood
3,Female,Michelle,Hughes
1,Male,Ernest,Gray
2,Male,Shawn,Ward
1,Male,Fred,Watson
1,Male,Carlos,Harvey
1,Female,Marilyn,Ramirez
1,Female,Julia,Fuller
2,Female,Donna,Green
3,Female,Ashley,Rogers
1,Male,Craig,Hart
1,Female,Jennifer,Hawkins
2,Male,Robert,Greene
3,Female,Louise,Ramos
1,Male,Walter,Morris
2,Female,Joan,Chapman
1,Male,Harry,Porter
2,Female,Sandra,Bishop
3,Female,Tina,Clark
1,Male,Justin,Reynolds
2,Female,Jean,Williamson
1,Female,Diana,Owens
1,Female,Heather,Henderson
1,Male,Howard,Harris
2,Male,John,Simmons
1,Male,Bruce,Scott
1,Male,Terry,Gibson
1,Female,Patricia,Perez
2,Female,Rachel,Crawford
1,Female,Stephanie,Hernandez
2,Female,Janet,Carpenter
1,Male,Ronald,Porter
2,Female,Frances,Armstrong
1,Male,Henry,Schmidt
2,Male,Arthur,Andrews
3,Male,Raymond,Ruiz
1,Female,Debra,Rivera
2,Female,Susan,Rose
3,Male,Johnny,Hart
1,Female,Judith,Adams
2,Female,Doris,James
1,Male,Lawrence,Gibson
2,Female,Kimberly,Woods
3,Female,Joan,Wheeler
1,Female,Catherine,Morgan
2,Female,Evelyn,Warren
3,Female,Kathleen,Patterson
1,Female,Jacqueline,Armstrong
1,Male,Shawn,Cole
2,Male,Eugene,James
1,Female,Betty,Harper
2,Male,Daniel,Hanson
3,Male,James,Ortiz
1,Female,Frances,Robinson
2,Female,Karen,Ward
1,Male,Jose,Rose
2,Male,Carlos,Green
3,Male,Roger,Patterson
1,Male,Jerry,Long
2,Female,Sandra,Cox
3,Female,Jean,Holmes
1,Male,Roger,Gutierrez
2,Female,Deborah,Kelly
3,Male,Brandon,Boyd
1,Male,Henry,Hayes
1,Female,Nancy,Baker
2,Female,Patricia,Johnson
3,Female,Robin,Ford
1,Female,Rebecca,Lewis
2,Female,Barbara,Oliver
1,Male,Eric,West
1,Female,Alice,Hansen
2,Female,Ann,Olson
3,Male,Harry,Grant
1,Female,Sarah,Howell
1,Male,Todd,Martinez
2,Male,Aaron,Morris
1,Female,Cheryl,Willis
2,Female,Teresa,Mcdonald
1,Male,Douglas,Lewis
2,Male,Craig,Dixon
1,Male,Adam,Hughes
2,Male,Phillip,Dean
3,Male,Arthur,Berry
1,Female,Brenda,Nguyen
1,Female,Janet,Montgomery
1,Female,Marie,Lopez
1,Male,Bobby,Robertson
2,Male,Randy,Price
3,Female,Kathryn,Nichols
1,Female,Emily,Brooks
2,Female,Karen,Wheeler
3,Male,Carlos,Mendoza
1,Female,Kathy,Webb
2,Female,Gloria,Davis
3,Male,Carl,Carr
1,Male,Phillip,Sanchez
2,Male,Wayne,Wheeler
3,Male,Lawrence,Flores
1,Female,Virginia,Perkins
2,Male,Steven,Arnold
1,Male,Joe,Spencer
2,Female,Ann,Reyes
1,Male,Earl,Kelly
1,Male,John,Gray
2,Male,Gerald,Bishop
1,Male,Johnny,Larson
2,Male,Anthony,Meyer
3,Male,Aaron,Medina
1,Male,Michael,Washington
2,Female,Susan,Martinez
3,Female,Jessica,Mccoy
1,Male,Brian,Nichols
1,Male,Benjamin,Edwards
1,Female,Heather,Collins
2,Male,Fred,Gray
1,Female,Theresa,Richardson
1,Male,Bruce,Chapman
2,Male,Ronald,Payne
1,Female,Tammy,Walker
1,Male,Kevin,Holmes
2,Male,Charles,Gonzalez
1,Female,Tina,Cox
1,Female,Judy,Wheeler
2,Male,Willie,Robertson
1,Male,Jonathan,Bishop
1,Female,Doris,Berry
2,Female,Carolyn,Welch
3,Female,Kathryn,Mills
1,Male,Gregory,Kelly
2,Male,Peter,Smith
1,Male,Gregory,Duncan
1,Female,Rachel,Bailey
2,Male,Craig,Nichols
1,Male,Matthew,Henry
2,Female,Doris,Warren
1,Male,Gregory,Shaw
1,Female,Kimberly,Romero
2,Female,Lori,Baker
1,Female,Susan,Shaw
2,Male,Andrew,Chavez
3,Male,Larry,Williamson
1,Female,Sarah,Rice
2,Male,Paul,Simmons
1,Male,Joe,Gordon
1,Female,Dorothy,Alexander
2,Female,Heather,Boyd
1,Male,Howard,Fuller
2,Female,Joan,Cole
3,Female,Sandra,Woods
1,Male,Fred,Jackson
2,Female,Deborah,James
1,Male,Victor,Bryant
2,Female,Ruby,Washington
3,Female,Diane,Perkins
1,Male,Stephen,Austin
2,Female,Pamela,Stephens
3,Male,Adam,Lynch
1,Female,Jennifer,Bishop
1,Male,Chris,Cook
2,Male,Daniel,Reid
1,Male,Willie,Kim
2,Female,Mildred,Peters
1,Male,Adam,Gibson
1,Male,Randy,Sanders
1,Female,Andrea,Duncan
1,Female,Amy,Richardson
2,Male,Brandon,Baker
3,Male,Jimmy,Lynch
1,Male,Walter,West
2,Male,Philip,Perez
3,Male,Antonio,Harris
1,Male,Peter,King
2,Female,Katherine,King
3,Male,Louis,Bishop
1,Female,Barbara,Gilbert
1,Male,Carlos,James
2,Male,Steven,Sanchez
3,Female,Frances,Carter
1,Female,Elizabeth,Medina
2,Male,Victor,Porter
1,Female,Phyllis,Little
2,Male,Sean,Young
3,Female,Sandra,Graham
1,Female,Karen,Lawrence
2,Female,Ruby,Dunn
3,Female,Nicole,Medina
1,Male,Kenneth,Adams
2,Female,Laura,Welch
1,Female,Laura,Stevens
2,Male,Bobby,Hernandez
3,Male,Carlos,Carter
1,Male,Gary,Johnston
2,Male,Keith,Watson
1,Female,Doris,Lane
2,Female,Sarah,Warren
1,Female,Julie,Schmidt
1,Male,Russell,Wilson
1,Female,Tina,Anderson
1,Male,Jonathan,Cruz
2,Male,Keith,Campbell
3,Female,Cynthia,Black
1,Female,Jennifer,Boyd
2,Female,Joan,Williams
1,Male,Thomas,James
2,Male,William,Perez
1,Female,Theresa,Roberts
2,Female,Barbara,Elliott
3,Female,Rachel,Carr
1,Male,Ryan,Marshall
1,Female,Michelle,Castillo
2,Male,Lawrence,Sims
1,Female,Betty,Ford
1,Male,Steve,Cunningham
1,Female,Debra,Medina
2,Female,Kathryn,Wilson
3,Female,Sharon,Chavez
1,Female,Stephanie,Sanders
2,Female,Gloria,Moreno
3,Female,Annie,Harvey
1,Female,Jacqueline,Morris
2,Male,Andrew,West
3,Female,Heather,Gomez
1,Female,Cynthia,Fisher
1,Male,Jeffrey,Cook
2,Female,Lillian,Wilson
1,Male,Paul,Hall
1,Female,Lois,Gray
2,Female,Frances,Diaz
1,Female,Linda,Alexander
2,Male,Michael,Johnston
3,Male,Jimmy,Rose
1,Male,David,Howell
1,Male,Anthony,Harrison
2,Male,Jesse,Dunn
3,Male,Joseph,Henderson
1,Female,Robin,Fuller
1,Female,Lillian,Lynch
1,Male,Louis,Franklin
2,Male,Ralph,Nichols
1,Male,Keith,Willis
1,Male,Lawrence,Arnold
2,Female,Laura,Richards
3,Female,Elizabeth,Sullivan
1,Male,Steve,Reyes
1,Female,Rebecca,Myers
2,Male,Steve,Willis
1,Female,Tina,Washington
2,Female,Barbara,Gibson
1,Female,Anne,Fernandez
1,Male,Eric,Lee
2,Female,Melissa,Fuller
3,Male,John,Peterson
1,Female,Amanda,Carr
1,Male,Kevin,Miller
2,Female,Angela,Turner
3,Female,Deborah,Banks
1,Female,Lori,Fowler
1,Female,Anna,Cox
1,Male,Ryan,Freeman
2,Male,Benjamin,Flores
1,Female,Angela,Mccoy
1,Female,Diane,Welch
2,Male,Sean,Austin
1,Female,Nancy,Hicks
1,Male,Mark,Perkins
1,Male,Jason,Lopez
1,Female,Amanda,Perkins
1,Male,Steven,Garcia
2,Male,Edward,Howard
3,Female,Kimberly,Gilbert
1,Male,Robert,Ross
2,Female,Michelle,Hicks
3,Female,Jennifer,Lawson
1,Male,Albert,Torres
1,Female,Kimberly,Moreno
2,Male,Eugene,Foster
3,Female,Bonnie,Murphy
1,Female,Anna,Fowler
1,Female,Theresa,Snyder
2,Male,Michael,Rivera
1,Male,Benjamin,Payne
1,Female,Annie,Kim
2,Male,Louis,Morgan
1,Male,Steve,Coleman
2,Male,Jesse,Harper
3,Female,Tina,Jackson
1,Male,Shawn,Rogers
1,Female,Sandra,Nelson
2,Female,Catherine,Larson
1,Male,Michael,Jacobs
2,Female,Anna,Richards
1,Male,Juan,Hart
2,Female,Susan,West
3,Female,Kathryn,Lynch
1,Female,Elizabeth,Ellis
2,Male,Douglas,Allen
1,Male,Randy,Gonzalez
2,Female,Anne,Hunter
1,Male,Scott,Kim
1,Female,Kelly,Medina
2,Male,Carlos,Davis
3,Male,Jeffrey,Meyer
1,Female,Theresa,Young
2,Female,Julia,Peters
1,Female,Carolyn,Reed
1,Male,Arthur,Lee
2,Male,Ryan,Cook
3,Female,Kimberly,Woods
1,Male,Justin,Walker
2,Female,Mildred,Ryan
1,Female,Kelly,Cook
1,Female,Maria,Turner
2,Male,Brandon,Wright
1,Female,Donna,Carpenter
1,Female,Donna,Myers
1,Female,Jacqueline,Edwards
2,Female,Judith,King
3,Male,Bruce,Robertson
1,Female,Linda,Hall
1,Male,Albert,Edwards
2,Male,Harry,Howell
3,Female,Sarah,Simpson
1,Female,Carolyn,Hughes
2,Female,Lori,Carr
1,Male,Samuel,Pierce
1,Female,Anne,Payne
2,Female,Ruth,Kennedy
3,Female,Tammy,Reid
1,Male,Arthur,White
2,Female,Amy,Mccoy
1,Male,Jose,Taylor
2,Male,Samuel,Reed
1,Female,Irene,Webb
2,Female,Nancy,King
3,Male,Benjamin,Henderson
1,Female,Ruth,Hudson
2,Female,Kathy,Fisher
1,Male,Walter,James
2,Female,Rose,Garrett
1,Female,Melissa,Carroll
2,Female,Wanda,Larson
3,Male,Carlos,Wells
1,Male,Jonathan,Warren
2,Female,Kimberly,Rose
1,Female,Angela,Adams
2,Female,Karen,Dunn
1,Male,Craig,Snyder
1,Male,Robert,Hall
2,Male,Louis,Stanley
3,Male,Jimmy,Ray
1,Male,Carlos,Young
1,Female,Mary,Hicks
2,Male,Willie,Ferguson
3,Female,Judith,Frazier
1,Female,Melissa,Franklin
2,Male,Todd,Jordan
1,Male,Chris,Morrison
1,Male,Craig,Rogers
1,Female,Susan,Reynolds
2,Female,Sara,Allen
1,Female,Alice,Arnold
2,Female,Pamela,Williamson
3,Male,Ronald,Gray
1,Female,Lisa,Morales
2,Female,Irene,Mcdonald
1,Female,Jean,Moore
2,Male,Edward,Kennedy
3,Male,Jeffrey,Burton
1,Male,Roger,Bennett
2,Male,Carlos,Marshall
1,Male,William,Henderson
2,Male,Frank,Warren
1,Female,Bonnie,Burton
2,Male,Arthur,Mitchell
3,Male,Gary,Matthews
1,Female,Sara,Montgomery
1,Male,Arthur,Armstrong
2,Male,Raymond,Fuller
1,Female,Dorothy,Collins
1,Male,Albert,Woods
2,Male,Ralph,Gutierrez
1,Male,Douglas,Cooper
2,Male,Russell,Ruiz
3,Male,Philip,Kelly
1,Male,Fred,Medina
2,Female,Jacqueline,Henderson
1,Male,Philip,Larson
1,Male,Donald,Kennedy
2,Female,Paula,Jackson
1,Female,Cynthia,Henry
2,Female,Lisa,Campbell
1,Female,Ruby,West
2,Male,Clarence,Butler
1,Male,Justin,Snyder
1,Male,Michael,West
2,Female,Jane,Lawrence
1,Female,Amy,Bennett
1,Female,Brenda,Cooper
2,Female,Marilyn,Austin
1,Male,Jeremy,Dixon
2,Female,Kathy,Walker
1,Female,Diana,James
1,Male,Joseph,Price
2,Female,Stephanie,Banks
1,Male,Juan,Kennedy
1,Male,Kevin,Webb
2,Female,Rachel,Cole
3,Female,Brenda,Dean
1,Male,Martin,Washington
2,Female,Gloria,Robinson
1,Male,Billy,Hawkins
1,Female,Deborah,Rice
1,Male,Paul,Hunter
1,Female,Alice,Sanders
2,Female,Dorothy,Perkins
1,Female,Irene,Fernandez
2,Female,Maria,Wheeler
1,Male,Gerald,Montgomery
1,Female,Jane,Barnes
2,Male,Ernest,Bennett
3,Female,Nicole,Ramirez
1,Female,Jessica,Tucker
2,Female,Julia,Brown
1,Male,Jeffrey,Moore
2,Female,Angela,Baker
3,Male,Willie,Lewis
1,Female,Tammy,Mccoy
2,Female,Nicole,Henderson
1,Male,Philip,Thompson
2,Female,Ann,Anderson
1,Male,Eric,Butler
2,Male,John,Spencer
1,Female,Heather,Harrison
2,Female,Stephanie,George
1,Male,Russell,Long
2,Female,Joan,Green
1,Female,Ashley,Johnson
2,Male,Sean,Lynch
1,Male,Albert,Ward
2,Male,Roy,Watson
1,Female,Jean,Miller
2,Male,Joshua,Meyer
1,Male,Todd,Baker
2,Female,Bonnie,Patterson
3,Male,Jimmy,Torres
1,Female,Ruby,Ross
2,Male,George,Hunter
1,Male,Raymond,Morgan
2,Female,Elizabeth,Cruz
3,Male,Nicholas,Smith
1,Female,Catherine,Armstrong
2,Male,Jonathan,Wagner
3,Female,Gloria,Lopez
1,Female,Irene,Palmer
2,Male,Todd,Snyder
1,Female,Alice,Price
2,Female,Teresa,Williams
1,Female,Virginia,Jenkins
2,Female,Amanda,White
1,Female,Amanda,Sanchez
2,Male,Carl,Peters
3,Male,Frank,Welch
1,Male,Edward,Simmons
2,Female,Dorothy,Mason
1,Female,Sara,Montgomery
2,Female,Joan,Alexander
3,Male,Sean,Lewis
1,Male,Johnny,Ford
1,Male,Paul,Garcia
2,Female,Janet,Martinez
3,Female,Rose,Williams
1,Male,Harry,Stephens
2,Female,Deborah,Payne
1,Male,Johnny,Davis
2,Male,Gregory,Romero
1,Male,Henry,Thomas
1,Male,Fred,Crawford
1,Male,Patrick,Chavez
2,Female,Diane,Austin
1,Female,Barbara,Myers
2,Male,Albert,Adams
1,Female,Susan,Jones
1,Male,Scott,Stevens
2,Male,Steven,Walker
1,Female,Martha,Andrews
2,Male,Paul,Stone
1,Female,Alice,Mcdonald
2,Male,James,Lynch
3,Male,Samuel,Wilson
1,Male,John,Bennett
1,Male,Scott,Perkins
1,Male,Joshua,Holmes
2,Female,Christine,Bradley
1,Female,Norma,Banks
2,Female,Laura,Owens
1,Male,Richard,Ramos
2,Male,Larry,Brooks
3,Female,Judy,Wright
1,Female,Teresa,Garza
2,Female,Tina,Armstrong
3,Female,Barbara,Kelly
1,Female,Teresa,Wells
2,Male,Steve,Burns
1,Male,Benjamin,Ramirez
1,Male,Steven,Rice
1,Female,Judith,Ryan
2,Female,Anna,Larson
1,Male,Jesse,Mccoy
1,Male,Mark,Wagner
1,Female,Andrea,Burns
2,Male,Scott,Hughes
3,Female,Margaret,Ellis
1,Male,Matthew,Bradley
2,Male,Scott,Fields
3,Female,Christina,Patterson
1,Male,Walter,Mills
2,Male,Todd,Smith
1,Male,Donald,Jenkins
2,Male,Andrew,Anderson
3,Male,Steve,Watkins
1,Male,Harry,Stanley
2,Female,Marie,Lawson
3,Male,Michael,Richards
1,Male,Keith,Kelly
2,Male,Patrick,Ray
1,Female,Susan,Day
2,Female,Marilyn,Mason
1,Female,Patricia,Ferguson
2,Male,Howard,Peterson
1,Female,Stephanie,Lawson
2,Male,Steven,Davis
3,Male,Jerry,Allen
1,Female,Judith,Thomas
2,Female,Joyce,Simpson
1,Male,George,Fowler
2,Male,Terry,Stewart
3,Male,Howard,Mendoza
1,Female,Norma,Hunt
2,Female,Nicole,Miller
1,Female,Evelyn,Holmes
1,Male,William,Patterson
2,Female,Dorothy,Chapman
3,Male,Ernest,Ross
1,Male,Alan,Meyer
1,Male,Gary,Oliver
1,Female,Amanda,Kelly
2,Male,Willie,Dean
3,Female,Catherine,Andrews
1,Male,Shawn,Sanchez
2,Male,Jack,Williamson
3,Female,Sandra,Mills
1,Female,Deborah,Welch
1,Female,Laura,Moreno
2,Male,Frank,Mills
3,Male,George,Wagner
1,Male,Albert,Reyes
1,Male,Ralph,Collins
2,Male,Jerry,Marshall
3,Male,Joshua,Bishop
1,Female,Louise,Castillo
2,Male,Jeremy,Myers
3,Male,Gerald,Dean
1,Female,Virginia,Morales
2,Male,Martin,Nelson
3,Female,Elizabeth,Fowler
1,Male,Brandon,Simpson
2,Female,Bonnie,Stevens
3,Female,Annie,Peterson
1,Female,Julie,Cox
2,Male,Brandon,Ross
1,Male,Lawrence,Stone
2,Male,Scott,Hall
1,Male,Bruce,Carpenter
2,Male,Charles,Mills
3,Male,Harold,Lawson
1,Male,Jerry,Brown
2,Male,Brandon,Bailey
3,Female,Catherine,Walker
1,Female,Lori,Burns
2,Male,Benjamin,Collins
3,Male,Keith,Long
1,Male,Jeffrey,Hicks
1,Female,Jacqueline,Morales
1,Female,Nancy,Kelly
1,Male,Timothy,Harrison
2,Male,Ralph,Webb
3,Male,Brian,Day
1,Female,Brenda,Reid
2,Male,Joe,Chavez
1,Female,Pamela,Martinez
2,Female,Louise,Reynolds
1,Female,Mildred,Gray
2,Female,Kathy,Cooper
1,Male,Timothy,Hunter
1,Male,Roy,Williams
1,Female,Doris,Roberts
1,Female,Theresa,Schmidt
2,Male,James,Miller
1,Male,Arthur,Bishop
1,Male,Ryan,Snyder
2,Male,Ernest,Grant
1,Male,Harry,Crawford
2,Male,Jesse,Ferguson
1,Male,Wayne,Mcdonald
2,Female,Catherine,Shaw
3,Male,Arthur,Alvarez
1,Female,Nancy,Mills
2,Female,Kathleen,Rose
3,Female,Nicole,Murphy
1,Female,Deborah,Ortiz
1,Male,Lawrence,Bailey
2,Male,Jeffrey,Adams
1,Female,Debra,Ramirez
2,Male,Albert,Lopez
1,Male,Roy,Richardson
2,Female,Lillian,Wheeler
3,Male,Mark,Henry
1,Female,Teresa,Kennedy
1,Female,Paula,Carr
1,Male,Craig,Lewis
2,Female,Rose,Little
3,Female,Marie,Rogers
1,Male,Harry,Boyd
2,Female,Brenda,Ross
1,Female,Sharon,Cruz
2,Female,Marie,Jackson
1,Female,Susan,Washington
2,Female,Melissa,Nelson
1,Female,Karen,Nelson
1,Female,Carol,Wood
1,Male,Benjamin,Nguyen
2,Female,Amy,George
1,Female,Marilyn,Mendoza
2,Male,Donald,Frazier
1,Female,Anna,Rodriguez
2,Male,Wayne,Harper
1,Male,Nicholas,Patterson
2,Male,Ralph,King
3,Female,Jane,Wheeler
1,Male,Edward,Moreno
2,Female,Doris,Bradley
3,Male,Jason,James
1,Male,Raymond,Hayes
2,Male,Ernest,Knight
3,Female,Tammy,Mcdonald
1,Male,Joshua,Davis
2,Male,Edward,Day
1,Male,Joshua,Chavez
2,Female,Linda,Cruz
1,Female,Angela,Cooper
2,Male,Todd,Greene
3,Female,Tina,Fisher
1,Male,Henry,Freeman
2,Male,Larry,Thompson
1,Male,Mark,Owens
2,Male,Jerry,Garrett
3,Male,Charles,Ross
1,Female,Janice,Wallace
2,Female,Michelle,Roberts
3,Male,Shawn,Walker
1,Female,Christine,Hudson
2,Female,Shirley,Rose
3,Female,Rachel,Nichols
1,Female,Theresa,Fields
2,Female,Michelle,Morgan
3,Male,Howard,Medina
1,Female,Nancy,Perry
2,Male,Frank,Duncan
1,Male,Joe,Perry
1,Female,Julia,Fox
2,Female,Susan,James
3,Female,Rebecca,James
1,Female,Margaret,Simpson
2,Male,Michael,Wells
1,Male,Adam,Ross
2,Male,Roger,Mccoy
3,Female,Tammy,Reed
1,Female,Jacqueline,Garcia
2,Female,Denise,Vasquez
1,Male,Brandon,Webb
2,Male,Carlos,Fields
3,Male,Thomas,Perkins
1,Male,Keith,Bradley
1,Female,Andrea,Diaz
1,Female,Louise,Chapman
1,Male,Richard,Burton
2,Male,Kevin,Moore
1,Female,Elizabeth,Martin
2,Female,Lois,Phillips
3,Female,Donna,Mills
1,Female,Frances,Cole
1,Male,Richard,Lane
2,Female,Jennifer,Holmes
3,Female,Rachel,Jackson
1,Male,Andrew,Wells
1,Female,Donna,Williams
1,Female,Tammy,Snyder
1,Female,Irene,Flores
2,Male,Steven,Romero
3,Female,Denise,Howard
1,Male,Bruce,Rogers
2,Female,Sarah,Martin
1,Female,Debra,Murray
1,Male,Randy,Hansen
1,Female,Donna,Peters
1,Female,Karen,Alexander
2,Female,Carolyn,Harris
1,Female,Susan,Sanders
1,Female,Lori,Alvarez
1,Male,Carlos,Hawkins
1,Female,Lois,Reyes
2,Female,Michelle,Ray
1,Male,George,Chapman
2,Male,James,Lynch
1,Female,Cynthia,Chapman
2,Male,Paul,Stephens
3,Male,Alan,Hayes
1,Male,Walter,Bennett
2,Female,Doris,Dunn
3,Male,Jeremy,Medina
1,Male,Thomas,Woods
2,Female,Annie,Foster
3,Female,Susan,Dixon
1,Female,Bonnie,Frazier
2,Female,Nicole,Richards
1,Male,Dennis,Nelson
1,Female,Bonnie,Edwards
2,Female,Teresa,Graham
3,Male,Edward,Moore
1,Female,Patricia,Ford
2,Female,Annie,West
1,Female,Barbara,Ramirez
1,Male,Douglas,Nichols
1,Female,Rebecca,Martin
2,Female,Pamela,Reyes
3,Male,Alan,Stevens
1,Female,Louise,Griffin
1,Male,Walter,Lee
2,Female,Diana,Powell
1,Male,Roger,Welch
2,Female,Betty,King
1,Male,Harold,Jordan
1,Female,Tammy,Gibson
2,Female,Julie,Stanley
1,Male,Carlos,Brown
2,Female,Julie,Carr
1,Male,Steve,Wilson
2,Male,Louis,Austin
